RefName,C,254;ID,N,9,0;Area,N,19,11;ID_orig,N,9,0;Area_1_,N,19,11;ZoneSeq,N,9,0;TrafficZon,N,9,0;LandUse,C,5;Distrito,N,9,0;Zconbine15,N,9,0;Zconbine14,N,9,0;Region,N,9,0;Zona553,N,9,0;Zona553Com,N,9,0;Zona638EMU,N,9,0;Dist,C,27;Centroide,C,12;DestAutoHP,N,15,0;DestPubHPM,N,19,0;Flag Traspaso;Flag Periferia
B1;1;142.170288;355;142.170288;48;601;NO;6;20;9;5;48;48;48;CARABAYLLO;6582;429;382;0;0
B2;2;323.029694;342;323.029694;23;201;NO;2;10;8;5;23;23;23;ANCON;6581;561;1827;0;1
B4;3;226.598724;253;226.598724;81;901;NO;9;31;12;1;81;81;81;CIENEGUILLA;7352;1307;1848;0;1
B5;4;26.794178;157;26.794178;60;702;NO;7;23;11;4;60;60;60;CHACLACAYO;8095;858;1586;0;1
B6;5;44.44553;199;44.44553;169;1806;NO;18;63;11;4;169;169;169;LURIGANCHO;7363;329;525;0;1
B7;6;30.950979;335;30.950979;168;1805;NO;18;62;11;4;168;168;168;LURIGANCHO;8107;233;669;0;1
B8;7;17.508987;333;17.508987;167;1804;NO;18;62;11;4;167;167;167;LURIGANCHO;8104;194;2091;0;1
B9;8;0.696689;282;0.696689;184;2002;RDMA;20;70;1;2;184;184;184;MAGDALENA DEL MAR;8969;1038;2735;0;0
B10;9;1.307038;283;1.307038;185;2003;RDMA;20;70;1;2;185;185;185;MAGDALENA DEL MAR;8999;581;798;0;0
B12;10;0.453059;274;0.45308;242;3107;RDMA;31;97;4;2;242;242;242;SAN ISIDRO;9000;321;219;0;0
B13;11;1.277834;281;1.277834;183;2001;MDM;20;70;1;2;183;183;183;MAGDALENA DEL MAR;8322;706;2632;0;0
B14;12;1.737828;407;1.737828;397;5116;UE;51;149;25;3;397;397;397;CALLAO;8343;28;17;0;0
B15;13;0.721566;411;0.721566;407;5126;R;51;151;2;3;407;407;407;CALLAO;8343;311;1586;0;0
B16;14;0.959958;321;0.959958;406;5125;MDMA;51;151;2;3;406;406;406;CALLAO;8337;39;1011;0;1
B18;15;6.691185;47;6.691185;205;2503;MIA;25;80;8;5;205;205;205;PUENTE PIEDRA;6205;1165;5369;0;0
B19;16;8.814358;46;8.814358;203;2501;NO;25;80;8;5;203;203;203;PUENTE PIEDRA;6204;224;1553;0;0
B20;17;8.314012;13;8.314012;419;5601;RDM;56;157;8;5;419;419;419;VENTANILLA;6175;924;2958;0;0
B21;18;10.332824;151;10.332826;36;313;NO;3;15;11;4;36;36;36;ATE VITARTE;7990;1435;9117;0;0
B22;19;17.462971;152;17.462971;37;314;NO;3;15;11;4;37;37;37;ATE VITARTE;7897;1598;4735;0;0
B23;20;7.258171;195;7.258171;173;1810;MIA;18;65;11;4;173;173;173;LURIGANCHO;7391;906;2938;0;0
B24;21;20.603853;196;20.603853;172;1809;NO;18;64;11;4;172;172;172;LURIGANCHO;7865;540;2321;0;0
B25;22;17.993433;197;17.993433;171;1808;NO;18;64;11;4;171;171;171;LURIGANCHO;7867;34;277;0;0
B26;23;0.20228;284;0.20228;190;2105;RDM;21;72;1;2;190;190;190;PUEBLO LIBRE;9117;52;387;0;0
B27;24;1.663765;318;1.663765;310;3608;RDM;36;121;1;2;310;310;310;SAN MIGUEL;8603;1334;4523;0;0
B28;25;1.181892;340;1.181892;189;2104;RDM;21;72;1;2;189;189;189;PUEBLO LIBRE;9119;1462;4119;0;0
B29;26;0.61701;357;0.61701;125;1307;RDMA;13;46;1;2;125;125;125;JESUS MARIA;9118;1148;3647;0;0
B30;27;1.684398;286;1.684398;187;2102;RDM;21;71;1;2;187;187;187;PUEBLO LIBRE;8321;964;4304;0;0
B33;28;0.757724;410;0.757724;405;5124;MDMA;51;151;2;3;405;405;405;CALLAO;8379;963;5330;0;0
B34;29;0.980387;3;0.980387;408;5201;RDM;52;152;2;3;408;408;408;BELLAVISTA;8460;1544;3977;0;0
B36;31;1.589923;10;1.589963;416;5402;RDM;54;155;2;3;416;416;416;LA PERLA;8443;334;1203;0;1
B37;32;0.783065;9;0.783065;415;5401;RDM;54;155;2;3;415;415;415;LA PERLA;8459;139;1049;0;0
B39;34;5.211365;50;5.211365;207;2505;RDM;25;81;8;5;207;207;207;PUENTE PIEDRA;6208;2385;7344;0;0
B40;35;8.836788;15;8.836788;422;5604;NO;56;158;8;5;422;422;422;VENTANILLA;13597;1490;4539;0;0
B41;36;6.849715;48;6.849715;204;2502;RDM;25;80;8;5;204;204;204;PUENTE PIEDRA;6206;507;1237;0;0
B42;37;16.010929;12;16.010929;424;5606;NO;56;159;8;5;424;424;424;VENTANILLA;6174;398;325;0;0
B43;38;2.805687;16;2.805687;423;5605;NO;56;158;8;5;423;423;423;VENTANILLA;11280;520;852;0;0
B76;39;12.291113;419;12.291595;421;5603;RDM;56;157;8;5;421;421;421;VENTANILLA;6572;2371;4712;0;0
B44;40;3.554414;420;3.554414;420;5602;MDM;56;158;8;5;420;420;420;VENTANILLA;6573;914;3303;0;0
B45;41;2.226459;49;2.226459;206;2504;A;25;81;8;5;206;206;206;PUENTE PIEDRA;6207;850;3423;0;0
B46;42;7.781024;356;7.781024;50;603;A;6;22;9;5;50;50;50;CARABAYLLO;6510;408;190;0;0
B47;43;4.370277;55;4.370277;209;2507;MIA;25;82;8;5;209;209;209;PUENTE PIEDRA;6213;174;424;0;0
B53;45;7.954738;364;7.95474;134;1409;NO;14;50;5;1;134;134;134;LA MOLINA;7340;440;319;0;0
B54;46;4.331089;363;4.331147;128;1403;RDMB;14;48;5;1;128;128;128;LA MOLINA;7328;1472;1964;0;0
B50;47;0.542394;149;0.542394;34;311;RDM;3;14;11;4;34;34;34;ATE VITARTE;7918;313;2556;0;0
B372;48;2.320016;140;2.320016;33;310;MDMB;3;14;11;4;33;33;33;ATE VITARTE;7899;273;908;0;0
B56;49;1.013074;422;1.013038;20;120;RDM;1;8;1;2;20;20;20;LIMA;8315;217;563;0;0
B31;51;0.729483;341;0.7298;188;2103;MDMA;21;72;1;2;188;188;188;PUEBLO LIBRE;9151;745;3208;0;0
B91;53;0.843377;285;0.843377;186;2101;RDM;21;71;1;2;186;186;186;PUEBLO LIBRE;8559;671;4156;0;0
B38;54;1.032036;92;1.032036;308;3606;RDM;36;120;1;2;308;308;308;SAN MIGUEL;8574;394;957;0;0
B58;55;1.079785;6;1.079785;411;5204;MDMA;52;153;2;3;411;411;411;BELLAVISTA;8311;390;1858;0;0
B68;56;0.826329;93;0.826329;303;3601;RDM;36;118;1;2;303;303;303;SAN MIGUEL;8417;691;2466;0;0
B60;58;0.787193;5;0.787193;410;5203;MDMA;52;152;2;3;410;410;410;BELLAVISTA;8503;147;1975;0;0
B70;59;0.657191;4;0.657191;409;5202;MDMA;52;152;2;3;409;409;409;BELLAVISTA;8327;1191;3730;0;0
B181;61;1.144363;322;1.144363;399;5118;MDMA;51;149;2;3;399;399;399;CALLAO;8715;0;269;0;0
B179;62;11.339156;406;11.339156;394;5113;UE;51;148;2;3;394;394;394;CALLAO;6559;1331;704;0;0
B71;63;5.87538;53;5.87538;210;2508;NO;25;82;8;5;210;210;210;PUENTE PIEDRA;6211;324;1209;0;0
B72;64;3.948669;52;3.948669;211;2509;RDM;25;83;8;5;211;211;211;PUENTE PIEDRA;6210;64;989;0;0
B73;65;3.651018;51;3.651018;212;2510;R;25;83;8;5;212;212;212;PUENTE PIEDRA;6209;160;594;0;0
B74;66;10.190087;90;10.190087;290;3503;PER;35;113;3;5;290;290;290;SAN MARTIN DE PORRES;6248;308;961;0;0
B75;67;0.770907;418;0.770907;425;5607;I;56;159;8;5;425;425;425;VENTANILLA;6486;27;481;0;0
B170;68;6.739056;417;6.739295;427;5609;I;56;159;8;5;427;427;427;VENTANILLA;6570;63;160;0;0
B77;69;3.46595;54;3.46595;208;2506;NO;25;82;8;5;208;208;208;PUENTE PIEDRA;6212;162;910;0;0
B78;70;0.335517;39;0.335517;91;1010;I;10;32;9;5;91;91;91;COMAS;6197;43;332;0;0
B79;71;0.653975;182;0.653975;151;1701;RDM;17;58;3;5;151;151;151;LOS OLIVOS;6340;418;1141;0;0
B80;72;5.26967;45;5.26967;82;1001;MDM;10;32;9;5;82;82;82;COMAS;6203;95;586;0;0
B81;73;4.671514;138;4.671514;53;606;RDM;6;22;9;5;53;53;53;CARABAYLLO;6296;1214;2887;0;0
B48;77;1.08106;141;1.081053;32;309;RDM;3;14;11;4;32;32;32;ATE VITARTE;7958;605;2133;0;0
B88;78;1.983309;245;1.983289;127;1402;RDM;14;47;5;1;127;127;127;LA MOLINA;7302;3352;7752;0;0
B32;80;0.586165;59;0.586177;121;1303;CM;13;44;1;2;121;121;121;JESUS MARIA;9094;1630;4330;0;0
B66;85;0.943782;380;0.943929;306;3604;EU;36;119;1;2;306;306;306;SAN MIGUEL;8649;546;4213;0;0
B92;86;0.538724;94;0.538724;307;3605;RDM;36;119;1;2;307;307;307;SAN MIGUEL;8558;939;3002;0;0
B94;88;0.98856;95;0.98856;305;3603;R;36;119;1;2;305;305;305;SAN MIGUEL;8560;280;1037;0;0
B63;91;1.046755;1;1.046723;414;5302;MDMA;53;154;2;3;414;414;414;CARMEN DE LA LEGUA REYNOSO;8801;107;741;0;0
B101;92;0.895155;2;0.895155;413;5301;MDMA;53;154;2;3;413;413;413;CARMEN DE LA LEGUA REYNOSO;8837;819;1888;0;0
B62;94;1.264781;323;1.264781;401;5120;MDMA;51;150;2;3;401;401;401;CALLAO;8776;672;2411;0;0
B104;95;0.590121;325;0.590163;393;5112;MDMA;51;147;2;3;393;393;393;CALLAO;6481;138;298;0;0
B102;96;0.687027;241;0.687023;1;101;MDMA;1;1;1;2;1;1;1;LIMA;8325;248;890;0;0
B103;97;2.138005;83;2.138005;302;3515;MDMA;35;117;3;5;302;302;302;SAN MARTIN DE PORRES;6241;1147;3381;0;0
B105;98;0.7333;415;0.7333;392;5111;RDM;51;147;2;3;392;392;392;CALLAO;6568;438;1402;0;0
B106;99;1.521384;81;1.521384;301;3514;MDMA;35;117;3;5;301;301;301;SAN MARTIN DE PORRES;6239;361;2708;0;0
B108;100;2.928868;87;2.928868;291;3504;RDM;35;114;3;5;291;291;291;SAN MARTIN DE PORRES;6245;1903;1548;0;0
B109;101;0.942738;379;0.942738;292;3505;RDM;35;114;3;5;292;292;292;SAN MARTIN DE PORRES;6532;420;1747;0;0
B110;102;1.388864;190;1.388864;161;1711;RDM;17;61;3;5;161;161;161;LOS OLIVOS;6348;1255;6838;0;0
B111;103;2.168698;191;2.168695;162;1712;RDM;17;61;3;5;162;162;162;LOS OLIVOS;6349;1366;6710;0;0
B107;104;2.668825;86;2.674448;293;3506;RDM;35;114;3;5;293;293;293;SAN MARTIN DE PORRES;6244;363;225;0;0
B112;105;0.866634;368;0.866634;156;1706;RDM;17;60;3;5;156;156;156;LOS OLIVOS;6522;178;1619;0;0
B113;106;1.464301;188;1.464301;157;1707;RDM;17;60;3;5;157;157;157;LOS OLIVOS;6346;452;5889;0;0
B114;107;0.843771;189;0.843771;159;1709;RDM;17;60;3;5;159;159;159;LOS OLIVOS;6347;436;2730;0;0
B115;108;0.483293;187;0.483293;160;1710;RDM;17;60;3;5;160;160;160;LOS OLIVOS;6345;516;1228;0;0
B116;109;1.833067;367;1.833067;155;1705;RDM;17;59;3;5;155;155;155;LOS OLIVOS;6521;399;1169;0;0
B117;110;4.22992;89;4.22992;289;3502;RDM;35;112;3;5;289;289;289;SAN MARTIN DE PORRES;11405;261;866;0;0
B118;111;1.859394;184;1.859394;153;1703;RDM;17;59;3;5;153;153;153;LOS OLIVOS;6342;568;2120;0;0
B119;112;0.496502;351;0.496502;92;1011;I;10;35;9;5;92;92;92;COMAS;6506;122;675;0;0
B120;113;2.480406;183;2.480406;152;1702;RDM;17;58;3;5;152;152;152;LOS OLIVOS;6341;1520;4817;0;0
B124;114;1.067057;428;0.903933;8;108;RDM;1;6;1;2;8;8;8;LIMA;84996090;30;234;0;0
B123;115;1.04337;265;1.04337;109;1106;RDMA;11;40;11;4;109;109;109;EL AGUSTINO;7448;223;1147;0;0
B87;116;2.480209;224;2.480209;110;1107;RDM;11;40;11;4;110;110;110;EL AGUSTINO;7569;1092;4493;0;0
B122;118;0.990889;263;0.990889;106;1103;RDM;11;38;11;4;106;106;106;EL AGUSTINO;7584;256;1805;0;0
B126;119;0.928155;372;0.928155;222;2808;MDMA;28;88;3;5;222;222;222;RIMAC;6525;321;1315;0;0
B121;120;0.68634;262;0.68634;107;1104;RDM;11;38;11;4;107;107;107;EL AGUSTINO;7447;85;421;0;0
B82;121;1.138791;354;1.138791;104;1101;NO;11;38;11;4;104;104;104;EL AGUSTINO;7591;170;815;0;0
B83;122;4.64378;264;4.64378;105;1102;UE;11;39;11;4;105;105;105;EL AGUSTINO;7705;167;265;0;0
B86;127;1.971634;114;1.971638;314;3702;RDM;37;122;11;4;314;314;314;SANTA ANITA;7606;916;4209;0;0
B316;131;0.469724;231;0.469724;21;121;CM;1;9;1;2;21;21;21;LIMA;9266;637;4909;0;0
B317;133;0.445457;359;0.445382;120;1302;CM;13;45;1;2;120;120;120;JESUS MARIA;9093;1652;6035;0;0
B318;134;1.144009;58;1.144052;119;1301;RDMA;13;44;1;2;119;119;119;JESUS MARIA;9232;969;6236;0;0
B136;135;1.673844;80;1.673804;297;3510;RDM;35;115;3;5;297;297;297;SAN MARTIN DE PORRES;6238;735;951;0;0
B137;136;1.564691;82;1.564691;296;3509;RDM;35;115;3;5;296;296;296;SAN MARTIN DE PORRES;6240;301;1752;0;0
B138;137;0.97659;77;0.97659;300;3513;MDMA;35;117;3;5;300;300;300;SAN MARTIN DE PORRES;6235;161;2185;0;0
B139;138;0.395177;423;0.395172;2;102;MDMA;1;2;1;2;2;2;2;LIMA;9428;61;389;0;0
B140;139;2.764998;192;2.764992;163;1713;RDM;17;61;3;5;163;163;163;LOS OLIVOS;6350;1679;6929;0;0
B141;140;1.226575;85;1.226575;294;3507;RDM;35;114;3;5;294;294;294;SAN MARTIN DE PORRES;6243;201;1577;0;0
B142;141;2.253248;84;2.253248;295;3508;RDM;35;115;3;5;295;295;295;SAN MARTIN DE PORRES;6242;729;1577;0;0
B143;142;1.644513;326;1.644515;390;5109;RDM;51;147;2;3;390;390;390;CALLAO;6482;817;2910;0;0
B144;143;1.324989;328;1.324989;389;5108;RDM;51;147;2;3;389;389;389;CALLAO;6484;1137;3931;0;0
B145;144;0.824809;414;0.824809;388;5107;RDM;51;147;2;3;388;388;388;CALLAO;6567;386;679;0;0
B146;145;0.621347;352;0.621387;102;1021;MDM;10;35;9;5;102;102;102;COMAS;6507;135;436;0;0
B148;147;0.563915;185;0.563915;154;1704;I;17;59;3;5;154;154;154;LOS OLIVOS;6343;200;8361;0;0
B374;148;1.971035;349;1.971182;90;1009;UE;10;35;9;5;90;90;90;COMAS;6504;284;640;0;0
B156;159;2.535919;244;2.535907;126;1401;RDM;14;47;5;1;126;126;126;LA MOLINA;7132;2578;3851;0;0
B237;160;1.465149;246;1.465149;129;1404;RDM;14;47;5;1;129;129;129;LA MOLINA;6914;2492;4443;0;0
B412;163;0.710367;235;0.710608;4;104;CM;1;4;1;2;4;4;4;LIMA;9381;240;5140;0;0
B290;165;0.841689;312;0.841689;143;1508;MDMA;15;54;1;2;143;143;143;LA VICTORIA;10281;1020;1899;0;0
B167;167;0.601266;8;0.601266;418;5501;RDM;55;156;2;3;418;418;418;LA PUNTA;8351;642;1729;0;0
B168;168;0.499609;319;0.499609;311;3609;MDM;36;121;1;2;311;311;311;SAN MIGUEL;8576;231;838;0;1
B97;169;0.650244;91;0.650244;312;3610;RDM;36;120;1;2;312;312;312;SAN MIGUEL;8415;582;729;0;1
B96;170;1.200926;382;1.200926;309;3607;RDM;36;121;1;2;309;309;309;SAN MIGUEL;8557;1238;2037;0;0
B3;171;12.825141;28;12.825381;322;3901;RDM;39;125;8;5;322;322;322;SANTA ROSA;6186;105;27;0;1
B17;172;22.380812;14;22.380951;426;5608;RDM;56;157;8;5;426;426;426;VENTANILLA;6176;848;2183;0;1
B169;173;5.026968;27;5.026968;323;3902;RDM;39;125;8;5;323;323;323;SANTA ROSA;6185;64;28;0;0
B171;174;2.400531;330;2.400531;382;5101;MDM;51;146;2;3;382;382;382;CALLAO;6486;119;518;0;1
B172;175;3.955702;403;3.955702;384;5103;I;51;146;2;3;384;384;384;CALLAO;6556;421;1370;0;1
B173;176;0.785395;329;0.785395;387;5106;I;51;147;2;3;387;387;387;CALLAO;6485;47;1175;0;0
B174;177;1.135502;404;1.135502;386;5105;MDM;51;146;2;3;386;386;386;CALLAO;6557;491;2833;0;0
B175;178;2.373532;332;2.373532;385;5104;MDM;51;146;2;3;385;385;385;CALLAO;6488;436;680;0;0
B176;179;2.415743;331;2.418008;383;5102;MDM;51;146;2;3;383;383;383;CALLAO;6487;258;672;0;0
B177;180;2.182452;408;2.182452;396;5115;UE;51;148;2;3;396;396;396;CALLAO;6561;384;781;0;0
B178;181;1.480553;405;1.480553;395;5114;I;51;148;2;3;395;395;395;CALLAO;6558;158;575;0;1
B180;182;0.621027;409;0.621027;398;5117;MDMA;51;149;2;3;398;398;398;CALLAO;8670;130;591;0;0
B182;183;1.495416;327;1.495416;391;5110;I;51;147;2;3;391;391;391;CALLAO;6483;1352;4561;0;0
B183;184;0.938339;88;0.938339;288;3501;RDM;35;112;3;5;288;288;288;SAN MARTIN DE PORRES;6246;71;343;0;0
B184;185;2.060088;26;2.060088;324;3903;RDM;39;125;8;5;324;324;324;SANTA ROSA;6184;0;0;0;0
B185;186;115.814285;19;115.814285;201;2303;NO;23;78;13;1;201;201;201;PACHACAMAC;11155;721;2558;0;1
B186;187;120.961929;371;120.961929;213;2601;MIA;26;84;14;1;213;213;213;PUNTA HERMOSA;11166;145;952;0;0
B187;188;134.302124;20;134.302124;214;2701;MIA;27;85;14;1;214;214;214;PUNTA NEGRA;11166;1;425;0;0
B188;189;67.931007;22;67.931007;178;1903;NO;19;67;13;1;178;178;178;LURIN;11085;106;1319;0;0
B189;190;6.066591;21;6.066733;179;1904;RDM;19;68;13;1;179;179;179;LURIN;11067;933;4202;0;0
B190;191;1.276476;24;1.276476;182;1907;RDM;19;68;13;1;182;182;182;LURIN;11062;138;943;0;0
B191;192;47.087002;23;47.087002;180;1905;MIA;19;69;13;1;180;180;180;LURIN;11066;17;71;0;0
B192;193;49.281403;25;49.281403;181;1906;MIA;19;69;13;1;181;181;181;LURIN;11061;469;2091;0;0
B193;194;12.44367;370;12.44367;177;1902;PER;19;66;13;1;177;177;177;LURIN;10945;307;872;0;0
B194;195;7.761776;391;7.761776;358;4207;MIA;42;136;7;1;358;358;358;VILLA EL SALVADOR;9814;707;1390;0;0
B195;196;2.507486;168;2.507486;69;809;RDMB;8;26;6;1;69;69;69;CHORRILLOS;9735;48;640;0;1
B196;197;3.062677;169;3.062677;70;810;RDMB;8;27;6;1;70;70;70;CHORRILLOS;9726;1042;3562;0;0
B197;198;3.773097;171;3.773097;78;818;RM;8;30;6;1;78;78;78;CHORRILLOS;9763;371;644;0;0
B198;199;2.983657;164;2.983657;68;808;NO;8;26;6;1;68;68;68;CHORRILLOS;9710;0;0;0;1
B199;200;27.928827;18;27.928827;200;2302;NO;23;77;13;1;200;200;200;PACHACAMAC;11155;106;682;0;0
B200;201;29.007143;17;29.007143;199;2301;NO;23;77;13;1;199;199;199;PACHACAMAC;7312;637;4702;0;0
B201;202;1.380862;119;1.380862;359;4208;RDM;42;139;7;1;359;359;359;VILLA EL SALVADOR;9817;194;542;0;0
B202;203;1.382239;126;1.382239;363;4212;R;42;140;7;1;363;363;363;VILLA EL SALVADOR;10969;41;229;0;0
B203;204;1.781556;389;1.781556;365;4214;PER;42;140;7;1;365;365;365;VILLA EL SALVADOR;10971;244;912;0;0
B204;205;0.898187;390;0.898187;364;4213;I;42;140;7;1;364;364;364;VILLA EL SALVADOR;10977;58;374;0;0
B205;206;3.698032;172;3.698032;79;819;R;8;30;6;1;79;79;79;CHORRILLOS;9780;239;422;0;1
B206;207;2.078086;175;2.078086;77;817;RDM;8;29;6;1;77;77;77;CHORRILLOS;9769;504;969;0;0
B207;208;1.448752;173;1.448752;80;820;MDMB;8;29;6;1;80;80;80;CHORRILLOS;9780;2;494;0;1
B208;209;4.774751;117;4.774751;352;4201;MDM;42;136;7;1;352;352;352;VILLA EL SALVADOR;9837;158;1002;0;0
B209;210;1.57085;170;1.57085;71;811;MDMB;8;27;6;1;71;71;71;CHORRILLOS;9743;687;2797;0;0
B210;211;0.381723;167;0.381723;72;812;RDM;8;25;6;1;72;72;72;CHORRILLOS;10013;211;508;0;0
B211;212;19.699432;392;19.699432;367;4301;NO;43;141;7;1;367;367;367;VILLA MARIA DEL TRIUNFO;11146;395;3394;0;0
B212;213;12.240728;249;12.240728;135;1410;NO;14;50;5;1;135;135;135;LA MOLINA;7323;469;2531;0;0
B213;214;13.572424;136;13.572424;376;4310;NO;43;143;7;1;376;376;376;VILLA MARIA DEL TRIUNFO;10949;117;185;0;0
B214;215;2.507802;395;2.507802;380;4314;RDM;43;145;7;1;380;380;380;VILLA MARIA DEL TRIUNFO;11055;345;665;0;0
B215;216;13.159286;393;13.159286;372;4306;NO;43;143;7;1;372;372;372;VILLA MARIA DEL TRIUNFO;11108;137;654;0;0
B216;217;2.359653;125;2.359653;362;4211;RDM;42;139;7;1;362;362;362;VILLA EL SALVADOR;10990;857;2645;0;0
B217;218;0.805293;123;0.805293;361;4210;RDM;42;139;7;1;361;361;361;VILLA EL SALVADOR;11021;282;546;0;0
B218;219;1.121643;124;1.121643;366;4215;RDM;42;139;7;1;366;366;366;VILLA EL SALVADOR;11002;108;439;0;0
B219;220;1.62524;135;1.62524;378;4312;MDM;43;145;7;1;378;378;378;VILLA MARIA DEL TRIUNFO;11037;26;480;0;0
B220;221;2.471767;396;2.471767;381;4315;RDM;43;145;7;1;381;381;381;VILLA MARIA DEL TRIUNFO;10945;241;1269;0;0
B221;222;3.378843;369;3.378843;176;1901;PER;19;66;13;1;176;176;176;LURIN;10946;101;279;0;0
B222;223;2.287504;121;2.287504;360;4209;RDM;42;139;7;1;360;360;360;VILLA EL SALVADOR;10950;1918;5889;0;0
B223;224;1.973698;118;1.973698;357;4206;RDM;42;139;7;1;357;357;357;VILLA EL SALVADOR;9852;139;293;0;0
B224;225;2.276009;120;2.276009;356;4205;RDM;42;137;7;1;356;356;356;VILLA EL SALVADOR;9704;1103;3214;0;0
B225;226;3.097265;116;3.097265;353;4202;RDM;42;137;7;1;353;353;353;VILLA EL SALVADOR;9856;1430;6950;0;0
B231;227;1.345794;378;1.345794;283;3313;RDM;33;108;7;1;283;283;283;SAN JUAN DE MIRAFLORES;10633;137;292;0;0
B232;228;2.365005;65;2.365005;282;3312;R;33;109;7;1;282;282;282;SAN JUAN DE MIRAFLORES;9707;116;857;0;0
B233;229;1.581789;64;1.581789;281;3311;RDM;33;109;7;1;281;281;281;SAN JUAN DE MIRAFLORES;9712;453;585;0;0
B235;230;2.291403;174;2.291403;76;816;RDM;8;29;6;1;76;76;76;CHORRILLOS;9797;730;1477;0;0
B234;231;3.279069;348;3.279413;75;815;RDM;8;28;6;1;75;75;75;CHORRILLOS;10443;293;698;0;0
B236;232;2.668023;247;2.66857;130;1405;EU;14;48;5;1;130;130;130;LA MOLINA;6914;314;1953;0;0
B238;233;4.75879;362;4.75879;133;1408;RDMB;14;48;5;1;133;133;133;LA MOLINA;7330;815;2150;0;0
B239;234;9.115986;360;9.115986;132;1407;NO;14;49;5;1;132;132;132;LA MOLINA;7324;811;1278;0;0
B240;235;3.299938;128;3.299938;371;4305;RDM;43;142;7;1;371;371;371;VILLA MARIA DEL TRIUNFO;11129;676;1924;0;0
B241;236;2.475113;127;2.475113;368;4302;RDM;43;141;7;1;368;368;368;VILLA MARIA DEL TRIUNFO;10789;1261;3471;0;0
B242;237;3.006658;74;3.006658;271;3301;RDM;33;106;7;1;271;271;271;SAN JUAN DE MIRAFLORES;10727;291;1726;0;0
B227;238;2.135562;132;2.135562;373;4307;RDM;43;142;7;1;373;373;373;VILLA MARIA DEL TRIUNFO;9708;650;1994;0;0
B243;239;2.303655;131;2.303655;370;4304;RDM;43;142;7;1;370;370;370;VILLA MARIA DEL TRIUNFO;10621;1297;4123;0;0
B228;240;3.165723;133;3.165723;375;4309;MDM;43;144;7;1;375;375;375;VILLA MARIA DEL TRIUNFO;11117;529;1397;0;0
B229;241;3.905257;134;3.905257;377;4311;MDM;43;144;7;1;377;377;377;VILLA MARIA DEL TRIUNFO;11020;402;1501;0;0
B244;242;2.134131;394;2.134131;379;4313;RDM;43;145;7;1;379;379;379;VILLA MARIA DEL TRIUNFO;11035;287;1668;0;0
B226;243;0.9259;388;0.928337;354;4203;I;42;138;7;1;354;354;354;VILLA EL SALVADOR;9705;267;2217;0;0
B230;244;1.221616;122;1.221616;355;4204;I;42;138;7;1;355;355;355;VILLA EL SALVADOR;11022;311;920;0;0
B245;245;1.346584;292;1.346584;196;2206;CM;22;75;4;2;196;196;196;MIRAFLORES;8879;1455;2365;0;0
B248;248;1.148211;288;1.148211;192;2202;RDMA;22;73;4;2;192;192;192;MIRAFLORES;8973;1480;2636;0;0
B255;253;1.312557;165;1.312557;73;813;MDMB;8;28;6;1;73;73;73;CHORRILLOS;10444;885;6194;0;0
B262;255;1.248272;347;1.248232;65;805;RDM;8;25;6;1;65;65;65;CHORRILLOS;10012;161;1004;1;0
B258;256;0.544369;163;0.544369;66;806;RDM;8;24;6;1;66;66;66;CHORRILLOS;10002;981;2437;0;0
B302;259;1.080816;162;1.080816;67;807;RDM;8;24;6;1;67;67;67;CHORRILLOS;9992;231;414;0;1
B259;260;0.38243;159;0.38243;61;801;RM;8;24;6;1;61;61;61;BARRANCO;9969;2;7;0;0
B260;261;3.564949;386;3.564949;344;4020;UE;40;132;4;2;344;344;344;SANTIAGO DE SURCO;10529;44;339;0;0
B263;262;1.74578;137;1.74578;343;4019;RDM;40;133;4;2;343;343;343;SANTIAGO DE SURCO;9945;640;2565;0;0
B264;263;0.80261;107;0.802618;346;4022;RDM;40;133;4;2;346;346;346;SANTIAGO DE SURCO;10076;168;802;0;0
B266;264;1.395246;300;1.395246;342;4018;RDM;40;133;4;2;342;342;342;SANTIAGO DE SURCO;10092;364;722;0;0
B251;265;1.806056;294;1.805378;198;2208;CM;22;76;4;2;198;198;198;MIRAFLORES;9954;2316;3683;0;0
B267;266;2.812775;99;2.812775;329;4005;NO;40;128;4;2;329;329;329;SANTIAGO DE SURCO;7275;1008;1604;0;0
B268;267;1.3366;466;0.735378;341;4017;RDM;40;133;4;2;341;341;341;SANTIAGO DE SURCO;120352680;964;2148;0;0
B270;269;1.874702;104;1.874702;336;4012;RDM;40;130;4;2;336;336;336;SANTIAGO DE SURCO;9956;4433;6581;0;0
B271;270;1.040172;469;0.710293;339;4015;RDM;40;131;4;2;339;339;339;SANTIAGO DE SURCO;120575070;1064;2200;0;0
B269;271;1.267256;385;1.267256;340;4016;RDM;40;132;4;2;340;340;340;SANTIAGO DE SURCO;10524;783;4718;0;0
B272;273;1.759523;298;1.759523;351;4105;RDM;41;135;4;2;351;351;351;SURQUILLO;9953;1219;3634;0;0
B252;274;0.529245;296;0.528372;350;4104;RDMA;41;134;4;2;350;350;350;SURQUILLO;10241;325;1750;0;0
B273;275;2.059495;100;2.059495;331;4007;RDM;40;128;4;2;331;331;331;SANTIAGO DE SURCO;9947;193;395;0;0
B274;276;0.936328;383;0.936328;330;4006;RDM;40;128;4;2;330;330;330;SANTIAGO DE SURCO;7140;657;2199;0;0
B275;277;2.723665;98;2.723665;328;4004;RDM;40;127;4;2;328;328;328;SANTIAGO DE SURCO;7153;4000;5803;0;0
B276;278;0.271028;103;0.271028;334;4010;RDM;40;130;4;2;334;334;334;SANTIAGO DE SURCO;9957;655;1509;0;0
B277;279;2.170157;105;2.170157;338;4014;RDM;40;131;4;2;338;338;338;SANTIAGO DE SURCO;10592;1595;6935;0;0
B278;280;1.447758;72;1.447758;274;3304;RDM;33;107;7;1;274;274;274;SAN JUAN DE MIRAFLORES;10573;1131;3450;0;0
B279;281;0.610264;427;0.610264;234;3010;RDM;30;93;4;2;234;234;234;SAN BORJA;10865;752;1589;0;0
B280;282;1.303398;271;1.303398;232;3008;RDM;30;93;4;2;232;232;232;SAN BORJA;10861;1112;1924;0;0
B281;283;0.813914;102;0.813914;335;4011;RDM;40;130;4;2;335;335;335;SANTIAGO DE SURCO;10863;1589;1885;0;0
B282;284;0.979258;272;0.979258;233;3009;RDM;30;93;4;2;233;233;233;SAN BORJA;9950;554;1074;0;0
B283;285;0.677377;297;0.677376;348;4102;RDMA;41;134;4;2;348;348;348;SURQUILLO;10160;588;3652;0;0
B325;289;1.755855;71;1.755855;276;3306;RDM;33;107;7;1;276;276;276;SAN JUAN DE MIRAFLORES;10413;882;5878;0;0
B326;290;0.805558;63;0.805558;280;3310;RDM;33;109;7;1;280;280;280;SAN JUAN DE MIRAFLORES;10484;77;360;0;0
B327;291;2.620755;106;2.620755;345;4021;RDM;40;132;4;2;345;345;345;SANTIAGO DE SURCO;10472;731;1562;0;0
B288;294;0.668395;455;0.668395;225;3001;RDM;30;90;4;2;225;225;225;SAN BORJA;10894;1196;4825;0;0
B341;295;1.556523;425;1.556523;228;3004;RDM;30;91;4;2;228;228;228;SAN BORJA;10844;1087;2323;0;0
B294;296;1.930764;146;1.930764;26;303;MDM;3;11;11;4;26;26;26;ATE VITARTE;7178;1164;3376;0;0
B340;297;0.858602;268;0.858602;227;3003;RDM;30;91;4;2;227;227;227;SAN BORJA;7131;443;416;0;0
B342;298;0.840369;267;0.840369;231;3007;UE;30;92;4;2;231;231;231;SAN BORJA;7152;404;517;0;0
B158;300;0.691276;313;0.691276;144;1509;MDMA;15;54;1;2;144;144;144;LA VICTORIA;10348;442;870;0;0
B291;301;1.558856;101;1.558856;333;4009;RDM;40;130;4;2;333;333;333;SANTIAGO DE SURCO;9946;1249;3498;0;0
B292;302;0.722367;303;0.722367;332;4008;RDMB;40;129;4;2;332;332;332;SANTIAGO DE SURCO;10594;229;127;0;0
B287;303;1.073235;462;0.669056;230;3006;RDM;30;90;4;2;230;230;230;SAN BORJA;113550861;1660;2283;0;0
B344;304;1.114799;464;0.598532;229;3005;RDM;30;90;4;2;229;229;229;SAN BORJA;123728904;1318;3078;0;0
B299;305;0.470227;310;0.470227;140;1505;MDMA;15;53;1;2;140;140;140;LA VICTORIA;10367;196;658;0;0
B298;306;1.068902;458;0.759341;287;3403;MDM;34;111;1;2;287;287;287;SAN LUIS;113546472;724;1639;0;0
B296;307;0.503911;454;0.394385;145;1510;MDM;15;55;1;2;145;145;145;LA VICTORIA;118113137;228;725;0;0
B293;308;1.364275;459;1.364275;286;3402;MDM;34;111;1;2;286;286;286;SAN LUIS;10878;1434;4810;0;0
B297;309;0.385651;365;0.385651;146;1511;RDM;15;55;1;2;146;146;146;LA VICTORIA;10347;416;644;0;0
B300;310;0.957249;314;0.957249;147;1512;RDM;15;55;1;2;147;147;147;LA VICTORIA;10282;897;2431;0;0
B301;311;0.59217;57;0.59217;139;1504;MDMA;15;53;1;2;139;139;139;LA VICTORIA;10902;714;951;0;0
B295;312;0.719468;269;0.719468;226;3002;RDM;30;91;4;2;226;226;226;SAN BORJA;10892;515;994;0;0
B303;313;1.338137;287;1.338137;191;2201;RDMA;22;73;4;2;191;191;191;MIRAFLORES;9018;407;2227;0;0
B11;314;0.406802;276;0.406805;241;3106;RDMA;31;94;4;2;241;241;241;SAN ISIDRO;9004;370;1642;0;0
B305;315;1.266246;277;1.266246;239;3104;CM;31;95;4;2;239;239;239;SAN ISIDRO;8970;3850;6859;0;0
B306;316;0.653072;289;0.653063;193;2203;CM;22;74;4;2;193;193;193;MIRAFLORES;9290;1336;2281;0;0
B307;317;0.404802;315;0.404802;124;1306;RDMA;13;46;1;2;124;124;124;JESUS MARIA;9096;119;1211;0;0
B304;318;0.881997;275;0.881997;243;3108;RDMA;31;97;4;2;243;243;243;SAN ISIDRO;8990;579;1161;0;0
B309;321;0.891135;278;0.891135;236;3101;RDMA;31;94;4;2;236;236;236;SAN ISIDRO;9049;1158;2910;0;0
B310;322;1.029779;366;1.029779;150;1603;CM;16;57;1;2;150;150;150;LINCE;10309;1045;1846;0;0
B311;323;1.217415;56;1.217415;148;1601;RDMA;16;56;1;2;148;148;148;LINCE;9201;1150;2719;0;0
B312;324;0.856428;338;0.856428;123;1305;RDMA;13;46;1;2;123;123;123;JESUS MARIA;9097;1270;4420;0;0
B313;325;0.523549;320;0.523549;149;1602;CM;16;57;1;2;149;149;149;LINCE;9334;2525;10170;1;0
B314;326;0.302535;358;0.302535;122;1304;EU;13;45;1;2;122;122;122;JESUS MARIA;8971;1180;4386;0;0
B320;327;1.239822;375;1.239822;244;3109;RDMA;31;97;4;2;244;244;244;SAN ISIDRO;8988;479;363;0;0
B321;328;1.044653;279;1.044653;240;3105;RDMA;31;94;4;2;240;240;240;SAN ISIDRO;9050;1421;2850;0;0
B322;329;1.542034;67;1.542034;279;3309;RDM;33;108;7;1;279;279;279;SAN JUAN DE MIRAFLORES;10412;769;1571;0;0
B323;330;1.517857;66;1.517857;284;3314;RDM;33;108;7;1;284;284;284;SAN JUAN DE MIRAFLORES;10622;257;2918;0;0
B324;331;1.596938;471;0.894144;369;4303;RDM;43;142;7;1;369;369;369;VILLA MARIA DEL TRIUNFO;121119526;673;706;0;0
B328;333;1.031529;166;1.031529;74;814;RDM;8;28;6;1;74;74;74;CHORRILLOS;10469;437;1672;0;0
B329;334;0.965217;377;0.965217;272;3302;RDM;33;106;7;1;272;272;272;SAN JUAN DE MIRAFLORES;10733;84;462;0;0
B330;335;1.825501;73;1.825501;273;3303;RDM;33;106;7;1;273;273;273;SAN JUAN DE MIRAFLORES;10684;155;1541;0;0
B331;336;0.722062;68;0.722062;275;3305;RDM;33;107;7;1;275;275;275;SAN JUAN DE MIRAFLORES;10701;1195;8692;0;0
B332;337;0.765328;69;0.765328;277;3307;RDM;33;107;7;1;277;277;277;SAN JUAN DE MIRAFLORES;10409;832;5654;0;0
B333;338;1.067262;70;1.067262;278;3308;RDM;33;108;7;1;278;278;278;SAN JUAN DE MIRAFLORES;10654;630;3623;0;0
B334;339;0.778729;302;0.778729;337;4013;RDM;40;129;4;2;337;337;337;SANTIAGO DE SURCO;10591;371;670;0;0
B336;340;2.582989;97;2.582989;327;4003;RDM;40;127;4;2;327;327;327;SANTIAGO DE SURCO;7300;2051;4622;0;0
B337;341;2.766706;248;2.766706;131;1406;RDM;14;49;5;1;131;131;131;LA MOLINA;7284;787;1869;0;0
B338;342;1.23251;361;1.23251;326;4002;UE;40;126;4;2;326;326;326;SANTIAGO DE SURCO;7130;748;2153;0;0
B339;343;0.361697;96;0.361697;325;4001;RDM;40;126;4;2;325;325;325;SANTIAGO DE SURCO;7229;412;2093;0;0
B343;344;0.676371;266;0.676371;235;3011;RDM;30;92;4;2;235;235;235;SAN BORJA;7138;421;148;0;0
B348;345;53.083073;252;53.083073;224;2901;NO;29;89;14;1;224;224;224;SAN BARTOLO;11161;51;436;0;0
B349;346;30.574974;250;30.574974;202;2401;NO;24;79;14;1;202;202;202;PUCUSANA;11163;262;871;0;0
B350;347;7.911778;251;7.911793;321;3801;NO;38;124;14;1;321;321;321;SANTA MARIA DEL MAR;11165;41;44;0;0
B351;348;96.289246;221;96.289246;58;611;NO;6;20;9;5;58;58;58;CARABAYLLO;6583;0;0;0;0
B352;349;27.814165;222;27.814165;57;610;NO;6;21;9;5;57;57;57;CARABAYLLO;6379;0;0;0;1
B353;350;12.458992;198;12.458992;170;1807;NO;18;63;11;4;170;170;170;LURIGANCHO;8060;234;346;0;0
B354;351;15.093008;156;15.093008;59;701;NO;7;23;11;4;59;59;59;CHACLACAYO;8074;950;2162;0;0
B355;352;2.851966;154;2.851966;39;316;RDM;3;16;11;4;39;39;39;ATE VITARTE;8053;94;620;0;0
B356;353;9.94548;153;9.94548;38;315;NO;3;16;11;4;38;38;38;ATE VITARTE;8032;501;385;0;0
B357;354;19.287848;155;19.287848;40;317;NO;3;16;11;4;40;40;40;ATE VITARTE;8057;2479;2950;0;0
B358;355;23.380501;202;23.380501;56;609;NO;6;21;9;5;56;56;56;CARABAYLLO;6360;271;590;0;1
B359;356;54.601234;317;54.601234;270;3226;NO;32;99;10;4;270;270;270;SAN JUAN DE LURIGANCHO;7389;264;1345;0;1
B360;357;12.62263;193;12.62263;175;1812;NO;18;65;11;4;175;175;175;LURIGANCHO;7393;149;930;0;1
B361;358;10.70964;316;10.70964;246;3202;NO;32;99;10;4;246;246;246;SAN JUAN DE LURIGANCHO;7393;151;1236;0;0
B362;359;27.86742;194;27.86742;174;1811;NO;18;65;11;4;174;174;174;LURIGANCHO;7392;49;982;0;1
B363;360;12.144094;304;12.144094;86;1005;NO;10;34;9;5;86;86;86;COMAS;6460;1283;1284;0;0
B364;361;19.943369;299;19.943369;55;608;NO;6;22;9;5;55;55;55;CARABAYLLO;6455;930;1696;0;0
B365;362;6.554814;201;6.554814;51;604;A;6;22;9;5;51;51;51;CARABAYLLO;6359;341;833;0;0
B366;363;4.409686;223;4.409686;245;3201;NO;32;98;10;4;245;245;245;SAN JUAN DE LURIGANCHO;8193;122;419;0;0
B84;364;5.150993;397;5.150993;269;3225;MDM;32;103;10;4;269;269;269;SAN JUAN DE LURIGANCHO;7539;644;1716;0;0
B367;365;4.511442;400;4.511442;260;3216;NO;32;103;10;4;260;260;260;SAN JUAN DE LURIGANCHO;7631;657;3741;0;0
B368;366;2.784724;41;2.78472;87;1006;RDM;10;34;9;5;87;87;87;COMAS;6199;735;724;0;0
B369;367;1.341074;42;1.341074;85;1004;RDM;10;34;9;5;85;85;85;COMAS;6200;784;2743;0;0
B370;368;4.508266;139;4.508266;54;607;NO;6;22;9;5;54;54;54;CARABAYLLO;6297;1102;1444;0;0
B371;369;1.573834;398;1.573834;268;3224;I;32;104;10;4;268;268;268;SAN JUAN DE LURIGANCHO;7541;287;1806;0;0
B377;371;1.37331;43;1.37331;84;1003;RDM;10;33;9;5;84;84;84;COMAS;6201;1156;4220;0;0
B376;372;2.111862;44;2.111862;83;1002;RDM;10;33;9;5;83;83;83;COMAS;6202;234;1165;0;0
B373;373;1.95013;111;1.95013;317;3705;MDMA;37;123;11;4;317;317;317;SANTA ANITA;7682;253;1090;0;0
B380;374;1.052765;108;1.053763;318;3706;EU;37;123;11;4;318;318;318;SANTA ANITA;7395;215;1099;0;0
B382;376;1.02892;110;1.028911;319;3707;MDMA;37;123;11;4;319;319;319;SANTA ANITA;7683;368;1513;0;0
B387;377;3.893355;219;3.893355;248;3204;NO;32;98;10;4;248;248;248;SAN JUAN DE LURIGANCHO;7825;803;2915;0;0
B386;378;6.288386;220;6.288386;247;3203;NO;32;100;10;4;247;247;247;SAN JUAN DE LURIGANCHO;7837;710;2582;0;0
B388;379;4.276333;37;4.276333;97;1016;NO;10;36;9;5;97;97;97;COMAS;6195;688;98;0;0
B394;380;2.162022;32;2.162022;98;1017;NO;10;37;9;5;98;98;98;COMAS;6190;188;410;0;0
B393;381;5.740801;217;5.740801;249;3205;NO;32;98;10;4;249;249;249;SAN JUAN DE LURIGANCHO;7444;147;874;0;0
B396;383;1.089697;445;1.089697;250;3206;RDM;32;98;10;4;250;250;250;SAN JUAN DE LURIGANCHO;7790;1133;2016;0;0
B385;384;2.604971;451;1.540101;251;3207;RDM;32;98;10;4;251;251;251;SAN JUAN DE LURIGANCHO;89363351;1001;3429;0;0
B391;385;1.866313;447;0.942826;254;3210;RDM;32;102;10;4;254;254;254;SAN JUAN DE LURIGANCHO;-2147483648;2276;8400;0;0
B395;391;1.854719;31;1.85474;99;1018;RDM;10;37;9;5;99;99;99;COMAS;6189;1212;1876;0;0
B400;392;2.814098;213;2.814098;255;3211;NO;32;102;10;4;255;255;255;SAN JUAN DE LURIGANCHO;7501;268;719;0;0
B165;393;3.671556;212;3.671556;256;3212;NO;32;102;10;4;256;256;256;SAN JUAN DE LURIGANCHO;7490;239;476;0;0
B397;395;1.013765;436;0.478708;257;3213;RDM;32;102;10;4;257;257;257;SAN JUAN DE LURIGANCHO;85611816;315;1669;0;0
B398;396;1.968632;433;0.490781;262;3218;RDM;32;104;10;4;262;262;262;SAN JUAN DE LURIGANCHO;-2147483648;1424;4691;0;0
B390;399;1.343168;438;0.627139;258;3214;RDM;32;101;10;4;258;258;258;SAN JUAN DE LURIGANCHO;85093900;441;2199;0;0
B383;402;7.896115;449;7.896115;259;3215;NO;32;101;10;4;259;259;259;SAN JUAN DE LURIGANCHO;7775;714;413;0;0
B402;404;1.780709;206;1.780709;265;3221;RDM;32;105;10;4;265;265;265;SAN JUAN DE LURIGANCHO;7479;540;1696;0;0
B399;405;1.096017;435;0.845848;263;3219;RDM;32;105;10;4;263;263;263;SAN JUAN DE LURIGANCHO;85505472;1068;3425;0;0
B127;406;1.517375;205;1.517375;267;3223;MDM;32;104;10;4;267;267;267;SAN JUAN DE LURIGANCHO;7442;1466;7245;0;0
B164;408;2.23264;179;2.23264;116;1205;NO;12;43;3;5;116;116;116;INDEPENDENCIA;6337;232;759;0;0
B405;409;2.939682;181;2.939682;115;1204;NO;12;42;3;5;115;115;115;INDEPENDENCIA;6339;357;1013;0;0
B401;410;2.732783;180;2.732783;114;1203;NO;12;42;3;5;114;114;114;INDEPENDENCIA;6338;90;523;0;0
B125;412;0.853473;225;0.853473;108;1105;RDM;11;38;11;4;108;108;108;EL AGUSTINO;7568;403;703;0;0
B408;414;2.550491;374;2.550491;217;2803;RDM;28;87;3;5;217;217;217;RIMAC;6527;235;840;0;0
B409;415;1.738945;373;1.738945;218;2804;RDM;28;87;3;5;218;218;218;RIMAC;6526;173;649;0;0
B403;416;2.506406;208;2.506406;264;3220;RDM;32;105;10;4;264;264;264;SAN JUAN DE LURIGANCHO;7485;391;913;0;0
B345;417;1.43208;204;1.43208;266;3222;RDM;32;105;10;4;266;266;266;SAN JUAN DE LURIGANCHO;7456;399;911;0;0
B413;420;1.269158;255;1.269158;216;2802;NO;28;86;3;5;216;216;216;RIMAC;6410;0;29;0;0
B414;421;1.182434;259;1.182434;219;2805;RDMA;28;86;3;5;219;219;219;RIMAC;6415;1441;3375;0;0
B166;422;0.781169;256;0.781169;221;2807;MDMA;28;86;3;5;221;221;221;RIMAC;6412;569;2250;0;0
B410;423;1.347075;257;1.347075;220;2806;RDMA;28;86;3;5;220;220;220;RIMAC;6413;1258;2591;0;0
B411;424;1.529846;258;1.529846;223;2809;RDMA;28;88;3;5;223;223;223;RIMAC;6414;862;1859;0;0
B159;426;1.339831;78;1.339831;299;3512;MDM;35;116;3;5;299;299;299;SAN MARTIN DE PORRES;6236;473;5044;1;1
B415;428;0.55009;243;0.550039;3;103;MDMA;1;3;1;2;3;3;3;LIMA;9530;19;908;0;0
B418;429;1.381982;36;1.381982;95;1014;RDM;10;36;9;5;95;95;95;COMAS;6194;1216;2392;0;0
B419;430;1.284728;35;1.28472;96;1015;RDM;10;36;9;5;96;96;96;COMAS;6193;647;1033;0;0
B407;432;0.913408;29;0.913408;103;1022;RDM;10;37;9;5;103;103;103;COMAS;6187;99;660;0;0
B384;436;6.437154;452;5.286868;252;3208;NO;32;100;10;4;252;252;252;SAN JUAN DE LURIGANCHO;88749848;1350;1966;0;0
B422;437;1.21978;113;1.219783;313;3701;RDM;37;122;11;4;313;313;313;SANTA ANITA;11733;267;782;0;0
B423;438;18.063902;203;18.063902;49;602;A;6;21;9;5;49;49;49;CARABAYLLO;6361;90;157;0;1
B424;439;6.309086;200;6.309086;52;605;A;6;22;9;5;52;52;52;CARABAYLLO;6358;258;994;0;0
B425;440;28.321955;337;28.321955;164;1801;NO;18;62;11;4;164;164;164;LURIGANCHO;8127;2144;3995;0;1
B426;441;18.910507;336;18.910507;165;1802;NO;18;62;11;4;165;165;165;LURIGANCHO;8146;422;1906;0;1
B427;442;8.90611;334;8.90611;166;1803;NO;18;62;11;4;166;166;166;LURIGANCHO;8128;3;50;0;1
B389;443;2.045103;448;0.765431;253;3209;RDM;32;101;10;4;253;253;253;SAN JUAN DE LURIGANCHO;-2147483648;1395;6388;0;0
B335;447;0.426677;473;0.353836;374;4308;RDM;43;142;7;1;374;374;374;VILLA MARIA DEL TRIUNFO;121631349;212;701;0;0
B261;448;1.287104;114;0.908147;64;804;RDM;8;25;6;1;64;64;64;CHORRILLOS;132687357;1396;5055;0;0
B257;450;1.87065;158;1.870653;63;803;UE;8;24;6;1;63;63;63;CHORRILLOS;132837144;664;1147;0;0
B256;453;1.140758;160;1.140758;62;802;RDM;8;24;6;1;62;62;62;CHORRILLOS;132894783;1354;3501;0;0
B247;455;0.725384;344;0.725384;44;404;MDM;4;18;4;2;44;44;44;BARRANCO;133171599;491;1572;0;0
B246;456;0.734973;345;0.734973;42;402;MDM;4;18;4;2;810;42;42;BARRANCO;116129668;1014;1515;0;0
B265;458;0.629909;260;0.629902;43;403;RDM;4;17;4;2;43;43;43;BARRANCO;-2147483648;1203;1625;0;0
B249;461;0.665052;346;0.665052;41;401;RDMA;4;17;4;2;41;41;41;BARRANCO;133379397;447;1617;0;0
B250;464;0.852417;293;0.853091;197;2207;CM;22;76;4;2;197;197;197;MIRAFLORES;133552690;1975;2930;0;0
B254;466;1.216524;291;1.216527;195;2205;CM;22;75;4;2;195;195;195;MIRAFLORES;133575804;6796;18100;1;1
B253;468;0.588997;295;0.589871;349;4103;RDMA;41;134;4;2;349;349;349;SURQUILLO;133783920;741;3205;0;0
B308;473;0.830973;290;0.830986;194;2204;CM;22;74;4;2;194;194;194;MIRAFLORES;133980589;2591;5955;1;1
B285;474;1.075418;387;1.075416;347;4101;RDMA;41;134;4;2;347;347;347;SURQUILLO;134084748;1441;3005;0;0
B286;477;1.062476;280;1.062487;237;3102;CM;31;95;4;2;237;237;237;SAN ISIDRO;134235380;6678;9975;1;1
B315;480;1.211333;232;1.211428;22;122;CM;1;9;1;2;22;22;22;LIMA;135499078;2716;23130;0;0
B319;482;0.911598;305;0.911545;136;1501;MDMA;15;51;1;2;136;136;136;LA VICTORIA;-2147483648;1282;4547;0;0
B151;486;0.550566;234;0.550765;12;112;CM;1;4;1;2;12;12;12;LIMA;134536800;1404;20758;0;0
B347;491;1.239083;233;1.23908;5;105;CM;1;4;1;2;5;5;5;LIMA;134641212;6236;28324;1;0
B160;492;1.816591;79;1.816741;298;3511;MDM;35;116;3;5;298;298;298;SAN MARTIN DE PORRES;134734054;1762;8057;0;0
B161;497;1.626796;177;1.626806;118;1207;I;12;41;3;5;118;118;118;INDEPENDENCIA;-2147483648;1751;10341;1;0
B162;499;3.910077;178;3.909988;117;1206;NO;12;43;3;5;117;117;117;INDEPENDENCIA;73560960;821;2287;0;0
B406;501;1.012651;176;1.012644;112;1201;I;12;41;3;5;112;112;112;INDEPENDENCIA;135291792;665;5178;0;0
B404;502;1.635643;261;1.635649;113;1202;RDM;12;42;3;5;113;113;113;INDEPENDENCIA;135338322;713;1511;1;1
B150;504;1.014663;186;1.014553;158;1708;MDM;17;60;3;5;158;158;158;LOS OLIVOS;135326680;236;1215;0;0
B149;508;2.001936;30;2.002015;100;1019;RDM;10;37;9;5;100;100;100;COMAS;-2147483648;1200;3931;0;0
B147;513;1.157863;38;1.157865;93;1012;RDM;10;35;9;5;93;93;93;COMAS;-2147483648;641;1292;0;0
B420;515;2.120854;34;2.120863;94;1013;RDM;10;35;9;5;94;94;94;COMAS;-2147483648;1449;3846;0;0
B375;520;1.170904;350;1.170904;89;1008;RDM;10;33;9;5;89;89;89;COMAS;136504142;327;725;0;0
B378;521;1.731953;40;1.731957;88;1007;RDM;10;33;9;5;88;88;88;COMAS;136410720;991;898;0;0
B284;525;2.495435;376;2.495424;238;3103;RDM;31;96;4;2;238;238;238;SAN ISIDRO;118903140;5381;11449;0;0
B416;528;0.761921;230;0.761944;11;111;CM;1;4;1;2;871;11;11;LIMA;134513603;1471;5560;0;0
B421;532;0.886538;33;0.886509;101;1020;RDM;10;35;9;5;101;101;101;COMAS;-2147483648;496;1309;0;0
B163;535;0.851746;254;0.851723;215;2801;UE;28;86;3;5;215;215;215;RIMAC;74407280;431;3531;0;0
B52;537;7.546604;150;7.546601;35;312;RDM;3;13;11;4;35;35;35;ATE VITARTE;92767604;827;1755;0;0
B51;539;0.884656;143;0.88465;30;307;RDM;3;13;11;4;30;30;30;ATE VITARTE;93202560;284;1393;0;0
B49;542;1.213045;142;1.213059;31;308;RDM;3;14;11;4;31;31;31;ATE VITARTE;93150560;1087;4508;0;0
B379;544;2.703593;343;2.701113;28;305;MDM;3;12;11;4;28;28;28;ATE VITARTE;-2147483648;912;3208;0;0
B381;546;0.962029;109;0.96354;320;3708;I;37;123;11;4;320;320;320;SANTA ANITA;-2147483648;564;2299;0;0
B55;551;1.834353;148;1.834519;29;306;R;3;13;11;4;29;29;29;ATE VITARTE;86665074;253;1758;0;0
B85;553;1.949521;112;1.949529;316;3704;RDM;37;123;11;4;316;316;316;SANTA ANITA;90071040;2294;9001;0;0
B133;555;0.589192;115;0.589192;315;3703;I;37;122;11;4;315;315;315;SANTA ANITA;90219468;782;4008;0;0
B132;557;1.329034;147;1.329046;27;304;I;3;12;11;4;27;845480;845480;ATE VITARTE;80943900;970;4070;0;0
B131;561;1.72943;353;1.729431;111;1108;NO;11;40;11;4;111;111;111;EL AGUSTINO;-2147483648;436;811;0;0
B155;563;0.920092;144;0.920089;24;301;RDM;3;11;11;4;24;24;24;ATE VITARTE;84651768;270;873;0;0
B154;565;1.786515;145;1.786514;25;302;I;3;11;11;4;25;25;25;ATE VITARTE;137698484;308;3375;0;0
B153;568;1.075311;75;1.075311;285;3401;I;34;110;1;2;285;285;285;SAN LUIS;84485583;550;2492;0;0
B346;569;1.32289;226;1.322816;7;107;CM;1;6;1;2;7;7;7;LIMA;112577984;266;1168;0;0
B128;571;0.768242;228;0.768352;6;106;CM;1;5;1;2;6;6;6;LIMA;112039963;684;3609;0;0
B417;573;0.831277;229;0.831264;10;110;CM;1;5;1;2;10;10;10;LIMA;112265262;4424;23307;1;0
B130;576;0.590274;227;0.590274;9;109;MDMA;1;6;1;2;9;9;9;LIMA;80923820;202;2128;0;0
B129;577;0.506765;307;0.506744;137;1502;MDMA;15;51;1;2;137;137;137;LA VICTORIA;81350115;1011;3974;0;0
B134;581;1.214854;237;1.214865;14;114;MDMA;1;2;1;2;14;14;14;LIMA;110682740;461;2428;0;0
B99;584;2.128383;242;2.128377;15;115;MDMA;1;1;1;2;15;15;15;LIMA;103461600;1062;4663;0;0
B135;586;1.377995;236;1.377796;13;113;MDMA;1;3;1;2;13;13;13;LIMA;-2147483648;1291;9749;0;0
B89;587;1.313036;60;1.312854;45;501;MDMA;5;19;1;2;45;45;45;BRENA;-2147483648;1325;8797;1;0
B90;591;1.062409;61;1.062723;46;502;MDMA;5;19;1;2;46;46;46;BRENA;108606015;1650;3791;0;0
B57;595;0.838704;62;0.838695;47;503;MDMA;5;19;1;2;47;47;47;BRENA;107562095;116;1441;0;1
B98;597;1.160298;238;1.160333;18;118;MDMA;1;8;1;2;18;18;18;LIMA;110692088;1011;1468;0;0
B95;600;1.342032;240;1.341989;17;117;MDMA;1;7;1;2;17;17;17;LIMA;97761454;557;1880;0;0
B93;602;1.248595;239;1.248648;19;119;RDM;1;7;1;2;19;19;19;LIMA;97791286;290;2130;0;0
B100;604;1.019527;324;1.019612;402;5121;MDMA;51;150;2;3;402;402;402;CALLAO;103620267;543;4056;0;0
B59;606;1.956008;413;1.956008;403;5122;MDMA;51;150;2;3;403;403;403;CALLAO;103064404;774;6441;0;0
B61;608;2.102082;416;2.102517;400;5119;MDMA;51;150;2;3;400;400;400;CALLAO;102520210;474;3133;0;0
B69;609;2.000461;412;2.000461;404;5123;MDMA;51;149;2;3;404;404;404;CALLAO;97810758;1319;7175;0;0
B35;611;0.924597;11;0.924597;417;5403;RDM;54;155;2;3;417;417;417;LA PERLA;100043034;380;1018;0;0
B64;613;1.044697;421;1.044693;16;116;EU;1;7;1;2;16;16;16;LIMA;103973078;673;9471;0;0
B65;616;1.083001;7;1.084372;412;5205;MDMA;52;153;2;3;412;412;412;BELLAVISTA;97922086;553;3506;0;0
B67;617;1.303049;381;1.301629;304;3602;RDM;36;118;1;2;304;304;304;SAN MIGUEL;100941484;1019;3881;0;0
B152;619;0.856541;309;0.856602;138;1503;MDMA;15;52;1;2;138;138;138;LA VICTORIA;89643630;921;4587;0;0
B157;621;0.701386;308;0.701491;141;1506;MDMA;15;52;1;2;141;141;141;LA VICTORIA;89612550;3598;22791;0;0
B289;623;1.69569;306;1.695551;142;1507;MDMA;15;51;1;2;142;142;142;LA VICTORIA;-2147483648;1570;4588;0;0
B392;628;2.624746;399;2.624899;261;3217;RDM;32;104;10;4;261;192;261;SAN JUAN DE LURIGANCHO;7648;715;1117;0;0
